id,account,reward_steem,reward_sbd,reward_vests,timestamp
NULL,arorapuneet,0,0,22069271,2019-02-03 12:03:30
NULL,woolfe19861008,0,0,4012587,2019-02-03 12:03:30
NULL,jpederson96,0,0,2006318,2019-02-03 12:03:30
NULL,planetenamek,0,0,4012607,2019-02-03 12:03:30
NULL,dongfengman,0,0,20062939,2019-02-03 12:03:30
NULL,shebe,0,0,56175654,2019-02-03 12:03:30
NULL,love-peace,0,0,4012596,2019-02-03 12:03:30
NULL,flatman,0,0,6018884,2019-02-03 12:03:30
NULL,safran,0,0,38119691,2019-02-03 12:03:45
NULL,demotruk,0,0,916877195,2019-02-03 12:03:45
NULL,shihabieee,0,0,22069251,2019-02-03 12:03:45
NULL,saadmehmood,0,0,14044185,2019-02-03 12:03:45
NULL,sweet-jenny8,0,0,20062939,2019-02-03 12:03:45
NULL,ayobami99,0,0,46145202,2019-02-03 12:03:45
NULL,linuslee0216,0,0,2006322,2019-02-03 12:03:45
NULL,lilypang22,0,0,2006293,2019-02-03 12:03:45
NULL,antonireviews,24,0,108340371,2019-02-03 12:03:45
NULL,spooks,0,0,50157636,2019-02-03 12:03:45
NULL,anxin,0,0,2006293,2019-02-03 12:03:45
NULL,shikika,0,0,760387365,2019-02-03 12:03:45
NULL,fanso,0,0,2006293,2019-02-03 12:03:45
NULL,my-art,0,0,4012595,2019-02-03 12:03:45
NULL,ernick,0,0,26082051,2019-02-03 12:03:45
NULL,oendertuerk,0,0,308964756,2019-02-03 12:03:45
NULL,ethanlee,0,0,2006293,2019-02-03 12:03:45
NULL,jrhughes,0,0,12037791,2019-02-03 12:03:45
NULL,simba,0,0,834636765,2019-02-03 12:03:45
NULL,ebargains,0,0,2006204,2019-02-03 12:03:45
NULL,sketch17,0,0,2006294,2019-02-03 12:03:45
NULL,konti,0,0,54170416,2019-02-03 12:03:45
NULL,laiyuehta,0,0,4012587,2019-02-03 12:03:45
NULL,thewealthunit,0,0,18056677,2019-02-03 12:03:45
NULL,davedickeyyall,0,0,319008662,2019-02-03 12:03:45
NULL,shae-meyer,0,0,56176455,2019-02-03 12:03:45
NULL,sanjeevm,0,0,114359803,2019-02-03 12:03:45
NULL,coffeedrinker51,0,0,26081883,2019-02-03 12:03:45
NULL,phogyan,0,0,10031373,2019-02-03 12:03:45
NULL,inspiring,0,0,10031483,2019-02-03 12:03:45
NULL,germanaure,0,0,2006311,2019-02-03 12:03:45
NULL,dabeckster,0,0,18056681,2019-02-03 12:03:45
NULL,heathergirl,0,0,8025221,2019-02-03 12:03:45
NULL,investegg,0,0,1346236127,2019-02-03 12:03:45
NULL,carlagonz,0,0,2006306,2019-02-03 12:03:45
NULL,june0620,414,1,1031239234,2019-02-03 12:03:45
NULL,dong262514,0,0,523647475,2019-02-03 12:03:45
NULL,ohamdache,0,0,36113373,2019-02-03 12:03:45
NULL,coar,0,0,2006300,2019-02-03 12:03:45
NULL,rvgenaille,138,0,351104557,2019-02-03 12:03:45
NULL,aftabkhan10,0,0,46144867,2019-02-03 12:03:45
NULL,ctime,0,0,12037762,2019-02-03 12:03:45
NULL,madushanka,468,0,1801657425,2019-02-03 12:03:45
NULL,beautifulbullies,2721,8,5669807702,2019-02-03 12:03:45
NULL,digital.mine,969,0,6649358245,2019-02-03 12:03:45
NULL,alexanderfluke,0,0,44138468,2019-02-03 12:03:45
NULL,vladimgor,0,0,14044207,2019-02-03 12:03:45
NULL,tatyanamishenko,0,0,2006299,2019-02-03 12:03:45
NULL,mahyailyas,0,0,2006297,2019-02-03 12:03:45
NULL,resiliencia,0,0,26081820,2019-02-03 12:03:45
NULL,siberianshamen,0,0,10031519,2019-02-03 12:03:45
NULL,steemit-turkey,0,0,6018918,2019-02-03 12:03:45
NULL,nadin3,0,0,190603304,2019-02-03 12:03:45
NULL,anforo,0,0,415304647,2019-02-03 12:03:45
NULL,htliao,148,0,417309203,2019-02-03 12:03:45
NULL,jmcgready,0,0,6018884,2019-02-03 12:03:45
NULL,abdt,0,0,4012637,2019-02-03 12:03:45
NULL,detlef-s,0,0,34107112,2019-02-03 12:03:45
NULL,jodipamungkas,1097,3,2325401184,2019-02-03 12:03:45
NULL,investingpennies,0,0,12037763,2019-02-03 12:03:45
NULL,ctime,0,0,2006293,2019-02-03 12:03:45
NULL,masummim50,0,0,120378150,2019-02-03 12:03:45
NULL,malekalmsaddi,0,0,1304105870,2019-02-03 12:03:45
NULL,prasanna,0,0,30094408,2019-02-03 12:03:45
NULL,mikepm74,0,0,52164117,2019-02-03 12:03:45
NULL,teamhumble,9061,4,19601580218,2019-02-03 12:03:45
NULL,biggordo,0,0,2006297,2019-02-03 12:03:45
NULL,jonnyrevolution,0,0,14044256,2019-02-03 12:03:45
NULL,kamikaze,0,0,704214574,2019-02-03 12:03:45
NULL,jahangirbalti,0,0,24075797,2019-02-03 12:03:45
NULL,musismail,184,0,487530948,2019-02-03 12:03:45
NULL,gamersnews,0,0,2006300,2019-02-03 12:03:45
NULL,tard,0,0,230724783,2019-02-03 12:03:45
NULL,pearica,0,0,176554490,2019-02-03 12:03:45
NULL,edith4angelseu,900,2,1841807906,2019-02-03 12:03:45
NULL,touristpk,0,0,22069280,2019-02-03 12:03:45
NULL,nodaji,0,0,2006293,2019-02-03 12:03:45
NULL,anouk.nox,0,0,58182936,2019-02-03 12:03:45
NULL,leeyh,0,0,24075527,2019-02-03 12:03:45
NULL,frost04,0,0,48150961,2019-02-03 12:03:45
NULL,ctyptouniverse,0,0,1584987400,2019-02-03 12:03:45
NULL,blockops,0,0,3254229702,2019-02-03 12:03:45
NULL,garudi,0,0,46144384,2019-02-03 12:03:45
NULL,cotarelo,0,0,164517316,2019-02-03 12:03:45
NULL,quekery,0,0,46145048,2019-02-03 12:03:45
NULL,lisaocampo,0,0,222700208,2019-02-03 12:03:45
NULL,emanuellindqvist,0,0,32100777,2019-02-03 12:03:45
NULL,sighmanjestah,0,0,2006300,2019-02-03 12:03:45
NULL,aximkrat,0,0,8025245,2019-02-03 12:03:45
NULL,qurator,11787,37,40920985822,2019-02-03 12:03:45
NULL,bssman,0,0,6018884,2019-02-03 12:03:45
NULL,sostrin,0,0,4012624,2019-02-03 12:03:45
NULL,sp-group,0,0,2156842423,2019-02-03 12:03:45
NULL,tshering-tamang,0,0,479506164,2019-02-03 12:03:45
NULL,takeru255,0,0,2006293,2019-02-03 12:03:45
NULL,acidmaster,0,0,34107366,2019-02-03 12:03:45
NULL,equipodelta,0,0,6018876,2019-02-03 12:03:45
NULL,alexmorenoec,0,0,4012597,2019-02-03 12:03:45
NULL,onceuponatime,0,0,1574941115,2019-02-03 12:03:45
NULL,abbak7,178,0,1803659973,2019-02-03 12:03:45
NULL,alishannoor,0,0,246774383,2019-02-03 12:03:45
NULL,teukurival,0,0,10031558,2019-02-03 12:03:45
NULL,nubchai,0,0,4012624,2019-02-03 12:03:45
NULL,puncakbukit,0,0,202636489,2019-02-03 12:03:45
NULL,bestlife,0,0,44138549,2019-02-03 12:03:45
NULL,upyourpost,0,0,14044054,2019-02-03 12:03:45
NULL,andruto,0,0,8025222,2019-02-03 12:03:45
NULL,nasgu,0,0,658070936,2019-02-03 12:03:45
NULL,pravda,0,0,40125952,2019-02-03 12:03:45
NULL,honolulu,0,0,156491863,2019-02-03 12:03:45
NULL,furious-one,0,0,122383927,2019-02-03 12:03:45
NULL,raviraj,0,0,20062967,2019-02-03 12:03:45
NULL,jeffreymartin,74,0,148471916,2019-02-03 12:03:45
NULL,littleboy,0,0,383204109,2019-02-03 12:03:45
NULL,moondancer762,0,0,4012589,2019-02-03 12:03:45
NULL,mystry360,0,0,4012634,2019-02-03 12:03:45
NULL,steemconductor,0,0,18056644,2019-02-03 12:03:45
NULL,guyfawkes,0,0,12037813,2019-02-03 12:03:45
NULL,bankplethora,0,0,8025579,2019-02-03 12:03:45
NULL,frsvp,0,0,26081906,2019-02-03 12:03:45
NULL,balticbadger,0,0,10031473,2019-02-03 12:03:45
NULL,rollsman,205,0,417312990,2019-02-03 12:03:45
NULL,ligayagardener,37,0,86271371,2019-02-03 12:03:45
NULL,gringo211985,0,0,2006309,2019-02-03 12:03:45
NULL,bigdizzle91,0,0,90283623,2019-02-03 12:03:45
NULL,steemguardian,0,0,12037763,2019-02-03 12:03:45
NULL,wassabiandlatte,0,0,28088896,2019-02-03 12:03:45
NULL,mooe,0,0,6018937,2019-02-03 12:03:45
NULL,agnessa,0,0,6018901,2019-02-03 12:03:45
NULL,braveheart29,0,0,36113574,2019-02-03 12:03:45
NULL,aluhut,376,0,1075381861,2019-02-03 12:03:45
NULL,ajks,0,0,44116467069,2019-02-03 12:03:45
NULL,templo,0,0,148466172,2019-02-03 12:03:45
NULL,raycoms,0,0,10031469,2019-02-03 12:03:45
NULL,intro.bot,0,0,18056643,2019-02-03 12:03:45
NULL,praditya,46,0,104328363,2019-02-03 12:03:45
NULL,toxichustle,0,0,42132365,2019-02-03 12:03:45
NULL,fatkat,0,0,14044118,2019-02-03 12:03:45
NULL,allizz,0,0,12037763,2019-02-03 12:03:45
NULL,cool191,0,0,132415844,2019-02-03 12:03:45
NULL,leir,0,0,10031483,2019-02-03 12:03:45
NULL,djennyfloro,0,0,6018895,2019-02-03 12:03:45
NULL,gary911,0,0,2006296,2019-02-03 12:03:45
NULL,lozzmon,3646,11,8252244545,2019-02-03 12:03:45
NULL,morwhale,0,0,24075526,2019-02-03 12:03:45
NULL,lanceman,0,0,6018930,2019-02-03 12:03:45
NULL,cryptoeater,0,0,46144919,2019-02-03 12:03:45
NULL,grooming,0,0,10031489,2019-02-03 12:03:45
NULL,wf9877,0,0,319005582,2019-02-03 12:03:45
NULL,jerre-nl,0,0,6018937,2019-02-03 12:03:45
NULL,simi,0,0,94296509,2019-02-03 12:03:45
NULL,ilovemylife,0,0,66207818,2019-02-03 12:03:45
NULL,arctan,0,0,16050416,2019-02-03 12:03:45
NULL,palani,0,0,18056726,2019-02-03 12:03:45
NULL,share2steem,20,0,184578991,2019-02-03 12:03:45
NULL,cjsdns,0,0,2114642152,2019-02-03 12:03:45
NULL,hungrybanana,0,0,56176620,2019-02-03 12:03:45
NULL,triniton,0,0,16050443,2019-02-03 12:03:45
NULL,oscarcede,3364,10,6847824668,2019-02-03 12:03:45
NULL,sahil07,0,0,24075832,2019-02-03 12:03:45
NULL,upyourpost,0,0,8025173,2019-02-03 12:03:45
NULL,gogogadgetupvote,0,0,130410293,2019-02-03 12:03:45
NULL,ozoo,0,0,118372224,2019-02-03 12:03:45
NULL,nicholas83,0,0,10031493,2019-02-03 12:03:45
NULL,anjana77,0,0,6018937,2019-02-03 12:03:45
NULL,sonu084,0,0,6018918,2019-02-03 12:03:45
NULL,supertraff,0,0,14044131,2019-02-03 12:03:45
NULL,kaliju,0,0,525650113,2019-02-03 12:03:45
NULL,upyourpost,0,0,16050346,2019-02-03 12:03:45
NULL,kyawhlaing,0,0,22069238,2019-02-03 12:03:45
NULL,michaeljn,0,0,40125942,2019-02-03 12:03:45
NULL,akipponn,0,0,70220830,2019-02-03 12:03:45
NULL,samhamou,0,0,28088264,2019-02-03 12:03:45
NULL,monstermother,0,0,4012590,2019-02-03 12:03:45
NULL,phenombot,0,0,10031501,2019-02-03 12:03:45
NULL,cannonwar,0,0,1673265585,2019-02-03 12:03:45
NULL,sajib7,0,0,34107307,2019-02-03 12:03:45
NULL,omersurer,0,0,36113347,2019-02-03 12:03:45
NULL,magdalena1b,1318,4,2670967859,2019-02-03 12:03:45
NULL,bigbraincciuto,0,0,14044185,2019-02-03 12:03:45
NULL,upbloke,0,0,224706057,2019-02-03 12:03:45
NULL,senseye,0,0,194611630,2019-02-03 12:03:45
NULL,estream.studios,0,0,18056589,2019-02-03 12:03:45
NULL,tantrum,0,0,6018901,2019-02-03 12:03:45
NULL,photolander,0,0,6018898,2019-02-03 12:03:45
NULL,cryptokrieg,0,0,6018945,2019-02-03 12:03:45
NULL,xyzashu,0,0,64202096,2019-02-03 12:03:45
NULL,urdawg,0,0,272857143,2019-02-03 12:03:45
NULL,wdougwatson,0,0,4012634,2019-02-03 12:03:45
NULL,dandays,0,0,1721452942,2019-02-03 12:03:45
NULL,jeannart,0,0,6018893,2019-02-03 12:03:45
NULL,raoul.poenar,0,0,4012617,2019-02-03 12:03:45
NULL,cryp2me,0,0,4012594,2019-02-03 12:03:45
NULL,ctime,0,0,2006293,2019-02-03 12:03:45
NULL,amitraj,0,0,24075571,2019-02-03 12:03:45
NULL,nataliechickee,0,0,38119768,2019-02-03 12:03:45
NULL,tattoodjay,1513,4,3358538497,2019-02-03 12:03:45
NULL,zapata42,0,0,68214332,2019-02-03 12:03:45
NULL,dasha,0,0,120378188,2019-02-03 12:03:45
NULL,rhanna10km,0,0,6221556752,2019-02-03 12:03:45
NULL,share2steem,28,0,142446822,2019-02-03 12:03:45
NULL,ullikume,0,0,40126119,2019-02-03 12:03:45
NULL,hwan100,0,0,118371343,2019-02-03 12:03:45
NULL,nirob,0,0,14044185,2019-02-03 12:03:45
NULL,indigoocean,0,0,569788821,2019-02-03 12:03:45
NULL,axeman,12157,37,24691463576,2019-02-03 12:03:45
NULL,risemultiversity,0,0,2006298,2019-02-03 12:03:45
NULL,zymer,0,0,329033507,2019-02-03 12:03:45
NULL,masonmiler,0,0,116365599,2019-02-03 12:03:45
NULL,ctime,0,0,36113278,2019-02-03 12:03:45
NULL,peskov,0,0,120378274,2019-02-03 12:03:45
NULL,nickychu,601,1,1253934597,2019-02-03 12:03:45
NULL,ety001,559,1,1131565994,2019-02-03 12:03:45
NULL,mejustandrew,0,0,46145158,2019-02-03 12:03:45
NULL,ctime,0,0,10031466,2019-02-03 12:03:45
NULL,gruber,0,0,28088161,2019-02-03 12:03:45
NULL,briggsy,0,0,96302681,2019-02-03 12:03:45
NULL,izuchukwu1506,74,0,150472852,2019-02-03 12:03:45
NULL,emrebeyler,48807,154,100326732036,2019-02-03 12:03:45
NULL,senorcoconut,0,0,14044007,2019-02-03 12:03:45
NULL,nehomar,0,0,6018901,2019-02-03 12:03:45
NULL,share2steem,8,0,88276901,2019-02-03 12:03:45
NULL,sozdemir,0,0,226712616,2019-02-03 12:03:45
NULL,steemtaker,0,0,10028551,2019-02-03 12:03:45
NULL,sailingtohappy,0,0,1005159880,2019-02-03 12:03:45
NULL,sumit71428,0,0,12037784,2019-02-03 12:03:45
NULL,shanghaipreneur,0,0,18056690,2019-02-03 12:03:45
NULL,olsm,0,0,511609925,2019-02-03 12:03:45
NULL,ctime,0,0,22069225,2019-02-03 12:03:45
NULL,topqualitylife,0,0,2006312,2019-02-03 12:03:45
NULL,rockz,0,0,724274715,2019-02-03 12:03:45
NULL,nirgf,0,0,2006302,2019-02-03 12:03:45
NULL,akbarbadsha,527,1,1087421346,2019-02-03 12:03:45
NULL,sensigo,0,0,66207914,2019-02-03 12:03:45
NULL,drisers,0,0,138434439,2019-02-03 12:03:45
NULL,zoltarian,0,0,4012613,2019-02-03 12:03:45
NULL,votebank,0,0,60189168,2019-02-03 12:03:45
NULL,gunthertopp,0,0,1920026322,2019-02-03 12:03:45
NULL,kayyam09,0,0,6018936,2019-02-03 12:03:45
NULL,affeeeman,0,0,6018937,2019-02-03 12:03:45
NULL,bigslick,0,0,116365573,2019-02-03 12:03:45
NULL,nokodemion,0,0,6018879,2019-02-03 12:03:45
NULL,lost-ninja,0,0,68213966,2019-02-03 12:03:45
NULL,mercurybot,0,0,276868452,2019-02-03 12:03:45
NULL,glitterbooster,0,0,22069292,2019-02-03 12:03:45
NULL,sureshot,0,0,138434226,2019-02-03 12:03:45
NULL,hannesl,0,0,16050372,2019-02-03 12:03:45
NULL,steemyoda,0,0,445397075,2019-02-03 12:03:45
NULL,inceptionally,0,0,515622887,2019-02-03 12:03:45
NULL,sneaky-ninja,0,0,1436505884,2019-02-03 12:03:45
NULL,isnochys,0,0,28088114,2019-02-03 12:03:45
NULL,onlyprofitbot,0,0,78245432,2019-02-03 12:03:45
NULL,siditech,0,0,54169914,2019-02-03 12:03:45
NULL,lovejuice,0,0,78245432,2019-02-03 12:03:45
NULL,sleeplesswhale,0,0,455428541,2019-02-03 12:03:45
NULL,whalecreator,0,0,62195087,2019-02-03 12:03:45
NULL,joeparys,0,0,196616727,2019-02-03 12:03:45
NULL,jasimg,0,0,20063123,2019-02-03 12:03:45
NULL,kimzwarch,0,0,172537548,2019-02-03 12:03:45
NULL,nairadaddy,0,0,92290448,2019-02-03 12:03:45
NULL,rewardsonly,0,0,2006309,2019-02-03 12:03:45
NULL,smitop,0,0,16050443,2019-02-03 12:03:45
NULL,olegn,0,0,74233401,2019-02-03 12:03:45
NULL,marc-allaria,137,0,312982048,2019-02-03 12:03:45
NULL,phoenixdh,0,0,76239848,2019-02-03 12:03:45
NULL,djusti,0,0,54169970,2019-02-03 12:03:45
NULL,fun2learn,0,0,300946569,2019-02-03 12:03:45
NULL,ramsteem,0,0,6018891,2019-02-03 12:03:45
NULL,newmanjosue,0,0,319010611,2019-02-03 12:03:45
NULL,sliverwang,0,0,40125980,2019-02-03 12:03:45
NULL,steps,0,0,1396388669,2019-02-03 12:03:45
NULL,drisers,0,0,76239142,2019-02-03 12:03:45
NULL,aboutcoolscience,0,0,164516280,2019-02-03 12:03:45
NULL,veritasvav,0,0,62195310,2019-02-03 12:03:45
NULL,oleholya,27,0,54170273,2019-02-03 12:03:45
NULL,thebluewin,0,0,238749141,2019-02-03 12:03:45
NULL,xevil,0,0,2006297,2019-02-03 12:03:45
NULL,naideth,0,0,8025237,2019-02-03 12:03:45
NULL,frankvvv,53,0,112352753,2019-02-03 12:03:45
NULL,dj123,0,0,118372646,2019-02-03 12:03:45
NULL,mike50,0,0,2006311,2019-02-03 12:03:45
NULL,percygeorge,0,0,4012643,2019-02-03 12:03:45
NULL,ericosborne,125,0,256813408,2019-02-03 12:03:45
NULL,asena,0,0,4012600,2019-02-03 12:03:45
NULL,thenativeguy,0,0,8025249,2019-02-03 12:03:45
NULL,idikuci,54,0,202635768,2019-02-03 12:03:45
NULL,donasteem,0,0,4012589,2019-02-03 12:03:45
NULL,joannewong,27,0,54169979,2019-02-03 12:03:45
NULL,th3voter,0,0,14044186,2019-02-03 12:03:45
NULL,iaberius,0,0,2006306,2019-02-03 12:03:45
NULL,norgesarkaden,49,0,100314735,2019-02-03 12:03:45
NULL,madviking,0,0,8025240,2019-02-03 12:03:45
NULL,quicksnake,0,0,42132238,2019-02-03 12:03:45
NULL,wasimk87,0,0,86270909,2019-02-03 12:03:45
NULL,ontheway2017,0,0,38119583,2019-02-03 12:03:45
NULL,piandex,424,0,862723170,2019-02-03 12:03:45
NULL,tinowhale,0,0,8025178,2019-02-03 12:03:45
NULL,oracle-d,0,0,567349635247,2019-02-03 12:03:45
NULL,avina,34,0,70220958,2019-02-03 12:03:45
NULL,pignus,0,0,48151289,2019-02-03 12:03:45
NULL,tipu,78,0,38029320451,2019-02-03 12:03:45
NULL,fiducia,0,0,92290210,2019-02-03 12:03:45
NULL,mojo4you,0,0,172541215,2019-02-03 12:03:45
NULL,shawnvanderveer,0,0,116365220,2019-02-03 12:03:45
NULL,steem-d-anlovnit,93,0,946993548,2019-02-03 12:03:45
NULL,suciululia,0,0,8025200,2019-02-03 12:03:45
NULL,jhoni,0,0,4012592,2019-02-03 12:03:45
NULL,preferansist,0,0,34107358,2019-02-03 12:03:45
NULL,azmielbanjary,40,0,102321275,2019-02-03 12:03:45
NULL,happydaddyfr,0,0,2006305,2019-02-03 12:03:45
NULL,randomwanderings,214,0,483534161,2019-02-03 12:03:45
NULL,midlet,0,0,54169944,2019-02-03 12:03:45
NULL,adonisabril,445,1,1137573966,2019-02-03 12:03:45
NULL,daan,0,0,40122442,2019-02-03 12:03:45
NULL,carrioner,0,0,50157239,2019-02-03 12:03:45
NULL,drtarts,0,0,4012593,2019-02-03 12:03:45
NULL,eyman84,0,0,22069271,2019-02-03 12:03:45
NULL,thi-js,0,0,100315152,2019-02-03 12:03:45
NULL,benleo,0,0,158497888,2019-02-03 12:03:45
NULL,definethedollar,0,0,126397502,2019-02-03 12:03:45
NULL,dsocer,0,0,190598888,2019-02-03 12:03:45
NULL,steemersayu907,2187,6,4439940719,2019-02-03 12:03:45
NULL,bestone,0,0,48151326,2019-02-03 12:03:45
NULL,jahedkhan,0,0,6018874,2019-02-03 12:03:45
NULL,steem4all,0,0,38119720,2019-02-03 12:03:45
NULL,aishwarya,0,0,607908136,2019-02-03 12:03:45
NULL,celioeguga,0,0,36113383,2019-02-03 12:03:45
NULL,steemnsfw,0,0,2006294,2019-02-03 12:03:45
NULL,ctime,0,0,20062929,2019-02-03 12:03:45
NULL,akar-rumput,0,0,4012600,2019-02-03 12:03:45
NULL,nealmcspadden,0,0,10031611,2019-02-03 12:03:45
NULL,maiyude,0,0,10031534,2019-02-03 12:03:45
NULL,osmania,0,0,8025188,2019-02-03 12:03:45
NULL,hnub,0,0,2006300,2019-02-03 12:03:45
NULL,anthonydigital1,0,0,224706337,2019-02-03 12:03:45
NULL,ulfr,0,0,2042478671,2019-02-03 12:03:45
NULL,ryacha21,0,0,48151451,2019-02-03 12:03:45
NULL,gbd,0,0,266839662,2019-02-03 12:03:45
NULL,atukh09,0,0,22069428,2019-02-03 12:03:45
NULL,nigelmarkdias,0,0,399252373,2019-02-03 12:03:45
NULL,adamdonmez,0,0,132415980,2019-02-03 12:03:45
NULL,badmusgreene,0,0,10031539,2019-02-03 12:03:45
NULL,vonaurolacu,0,0,64201408,2019-02-03 12:03:45
NULL,soufiani,0,0,270852507,2019-02-03 12:03:45
NULL,promote.helper,0,0,1143599695,2019-02-03 12:03:45
NULL,richgang,691,1,1404416459,2019-02-03 12:03:45
NULL,ctime,0,0,6018878,2019-02-03 12:03:45
NULL,bodyscape,0,0,2006293,2019-02-03 12:03:45
NULL,upyourpost,0,0,14044050,2019-02-03 12:03:45
NULL,liuye,0,0,758382681,2019-02-03 12:03:45
NULL,mmmmkkkk311,0,0,698189918,2019-02-03 12:03:45
NULL,nv21089,0,0,130407206,2019-02-03 12:03:45
NULL,yann0975,0,0,357122091,2019-02-03 12:03:45
NULL,cheneats,0,0,16050345,2019-02-03 12:03:45
NULL,jatinhota,1573,4,3605311308,2019-02-03 12:03:45
NULL,atongis,143,0,505586281,2019-02-03 12:03:45
NULL,baiboua,553,1,1342212705,2019-02-03 12:03:45
NULL,chronocrypto,0,0,68214549,2019-02-03 12:03:45
NULL,morning,0,0,1426531331,2019-02-03 12:03:45
NULL,fantasycrypto,0,0,4012588,2019-02-03 12:03:45
NULL,iamevilradio,0,0,4012599,2019-02-03 12:03:45
NULL,suyutu,0,0,20063123,2019-02-03 12:03:45
NULL,sydneydqic9,0,0,8025313,2019-02-03 12:03:45
NULL,gvincentjosephm,0,0,10031531,2019-02-03 12:03:45
NULL,dirapa,0,0,190598342,2019-02-03 12:03:45
NULL,mikehamm,0,0,78245854,2019-02-03 12:03:45
NULL,nonsowrites,0,0,4012586,2019-02-03 12:03:45
NULL,habibb,0,0,122383927,2019-02-03 12:03:45
NULL,cooperfelix,0,0,2006292,2019-02-03 12:03:45
NULL,rainingfall,0,0,8025231,2019-02-03 12:03:45
NULL,c-cubed,2889,9,4365781216,2019-02-03 12:03:45
NULL,beverages,0,0,8025186,2019-02-03 12:03:45
NULL,paulmoon410,0,0,6018939,2019-02-03 12:03:45
NULL,terrylovejoy,0,0,8025172,2019-02-03 12:03:45
NULL,duarte9sousa,0,0,96304030,2019-02-03 12:03:45
NULL,kamyk,121,0,246774340,2019-02-03 12:03:45
NULL,dzentral,35,0,72227513,2019-02-03 12:03:45
NULL,sisygoboom,0,0,2006304,2019-02-03 12:03:45
NULL,calpeguvi,0,0,8025278,2019-02-03 12:03:45
NULL,saltycat,0,0,2006297,2019-02-03 12:03:45
NULL,yehey,0,0,6018878,2019-02-03 12:03:45
NULL,sunrock,0,0,18056682,2019-02-03 12:03:45
NULL,itypstylgesch,0,0,8025308,2019-02-03 12:03:45
NULL,edjag,0,0,6018918,2019-02-03 12:03:45
NULL,cha0s0000,0,0,28088161,2019-02-03 12:03:45
NULL,sydneyik6by,0,0,8025463,2019-02-03 12:03:45
NULL,mindscapephotos,0,0,4012610,2019-02-03 12:03:45
NULL,bijsfabriaswig,0,0,8025247,2019-02-03 12:03:45
NULL,dr-frankenstein,0,0,2006308,2019-02-03 12:03:45
NULL,markusmichael,0,0,2006300,2019-02-03 12:03:45
NULL,dissi,259,38,746502427,2019-02-03 12:03:45
NULL,agememnon,0,0,6018936,2019-02-03 12:03:45
NULL,charitybot,0,0,4012634,2019-02-03 12:03:45
NULL,kaidodaniel,0,0,2006304,2019-02-03 12:03:45
NULL,cryptonewsplus,600,1,1219835486,2019-02-03 12:03:45
NULL,share2steem,11,0,24075513,2019-02-03 12:03:45
NULL,afiqsejuk,0,0,42132444,2019-02-03 12:03:45
NULL,takowi,0,0,86270885,2019-02-03 12:03:45
NULL,haileyz,0,0,8025434,2019-02-03 12:03:45
NULL,mirzacho,58,0,182586916,2019-02-03 12:03:45
NULL,sugardash,0,0,188592523,2019-02-03 12:03:45
NULL,robin5581,0,0,4012600,2019-02-03 12:03:45
NULL,steemmonsters,3378,10,41506901343,2019-02-03 12:03:45
NULL,exzorltg,0,0,2006294,2019-02-03 12:03:45
NULL,tamala,0,0,18056656,2019-02-03 12:03:45
NULL,jjerryhan,0,0,22069271,2019-02-03 12:03:45
NULL,selfbuiltcamper,0,0,16050997,2019-02-03 12:03:45
NULL,cryptictruth,0,0,20063092,2019-02-03 12:03:45
NULL,clau2019,0,0,2006302,2019-02-03 12:03:45
NULL,hellroute,0,0,36113344,2019-02-03 12:03:45
NULL,treasurepark,0,0,18277708087,2019-02-03 12:03:45
NULL,rickriosgarr,0,0,12037811,2019-02-03 12:03:45
NULL,partiko,390,0,29143825791,2019-02-03 12:03:45
NULL,upmyvote,0,0,5571474900,2019-02-03 12:03:45
NULL,metallist,81,0,162510667,2019-02-03 12:03:45
NULL,alexko-steemit,0,0,321008763,2019-02-03 12:03:45
NULL,aniestudio,0,0,417331187,2019-02-03 12:03:45
NULL,ctime,0,0,100314636,2019-02-03 12:03:45
NULL,blinkybill,0,0,38119859,2019-02-03 12:03:45
NULL,superlotto,0,0,4012607,2019-02-03 12:03:45
NULL,dilshanahmed,58,0,116372111,2019-02-03 12:03:45
NULL,niello,0,0,24075731,2019-02-03 12:03:45
NULL,singing.beauty,0,0,22069278,2019-02-03 12:03:45
NULL,bumex2008,1483,4,3005447924,2019-02-03 12:03:45
NULL,ricardo993,0,0,4012592,2019-02-03 12:03:45
NULL,jonnyla08,0,0,32100691,2019-02-03 12:03:45
NULL,oliveira3379,0,0,4012596,2019-02-03 12:03:45
NULL,cliffpower,0,0,1195761524,2019-02-03 12:03:45
NULL,lucylin,32,0,64201423,2019-02-03 12:03:45
NULL,limelightmg,0,0,58182926,2019-02-03 12:03:45
NULL,positiveninja,0,0,24075630,2019-02-03 12:03:45
NULL,dragosroua,1201,3,3414715144,2019-02-03 12:03:45
NULL,arjimi,0,0,2006300,2019-02-03 12:03:45
NULL,toufiqurrahman32,579,0,1179702174,2019-02-03 12:03:45
NULL,chrissandoe,0,0,4012600,2019-02-03 12:03:45
NULL,fionasfavourites,332,0,672108171,2019-02-03 12:03:45
NULL,movingman,0,0,22069264,2019-02-03 12:03:45
NULL,costanza,879,2,1990244816,2019-02-03 12:03:45
NULL,upvote.follow,0,0,60189377,2019-02-03 12:03:45
NULL,paul-gillbanks,0,0,60188907,2019-02-03 12:03:45
NULL,arv1,0,0,977068714,2019-02-03 12:03:45
NULL,zygibo,0,0,16050427,2019-02-03 12:03:45
NULL,isakost,0,0,90283551,2019-02-03 12:03:45
NULL,t3chcrunch,1731,4,3527137449,2019-02-03 12:03:45
NULL,jesseluther,0,0,12037804,2019-02-03 12:03:45
NULL,rampagejr,0,0,14044185,2019-02-03 12:03:45
NULL,rakkasan84,0,0,50157437,2019-02-03 12:03:45
NULL,volfenhauser,0,0,80252159,2019-02-03 12:03:45
NULL,rawn,0,0,128403731,2019-02-03 12:03:45
NULL,ctime,0,0,40125852,2019-02-03 12:03:45
NULL,d00k13,0,0,164517078,2019-02-03 12:03:45
NULL,sneaky-ninja,0,0,2192877864,2019-02-03 12:03:45
NULL,onepercentbetter,516,1,3041575907,2019-02-03 12:03:45
NULL,ied,33,0,66215620,2019-02-03 12:03:45
NULL,lennstar,0,0,76239312,2019-02-03 12:03:45
NULL,pedrocanella,0,0,44138621,2019-02-03 12:03:45
NULL,photovisions,0,0,20063108,2019-02-03 12:03:45
NULL,steemityourway,0,0,70220404,2019-02-03 12:03:45
NULL,d-zero,0,0,12037820,2019-02-03 12:03:45
NULL,mariuszkarowski,0,0,1394385252,2019-02-03 12:03:45
NULL,inlakech,30,0,58182768,2019-02-03 12:03:45
NULL,dera123,0,0,1540844634,2019-02-03 12:03:45
NULL,sunnygogo,24,0,48164874,2019-02-03 12:03:45
NULL,mandarin2016,0,0,20063082,2019-02-03 12:03:45
NULL,m2nnari,0,0,4012621,2019-02-03 12:03:45
NULL,braaiboy,5,0,136427989,2019-02-03 12:03:45
NULL,freddio,0,0,732301425,2019-02-03 12:03:45
NULL,littlenewthings,0,0,134425263,2019-02-03 12:03:45
NULL,ezravandi,0,0,764401966,2019-02-03 12:03:45
NULL,gadrian,1244,3,2742614016,2019-02-03 12:03:45
NULL,wordymouth,0,0,4012618,2019-02-03 12:03:45
NULL,machnbirdsparo,0,0,34107274,2019-02-03 12:03:45
NULL,fararizky,62,0,128402815,2019-02-03 12:03:45
NULL,simmani,0,0,4012590,2019-02-03 12:03:45
NULL,laloretoyya,0,0,4012600,2019-02-03 12:03:45
NULL,vaughndemont,0,0,52163676,2019-02-03 12:03:45
NULL,ksc,6287,19,13414095989,2019-02-03 12:03:45
NULL,taxguy,0,0,8025245,2019-02-03 12:03:45
NULL,yelbosco,0,0,2006309,2019-02-03 12:03:45
NULL,ctime,0,0,10031462,2019-02-03 12:03:45
NULL,yohan72,0,0,8025276,2019-02-03 12:03:45
NULL,andrewharland,0,0,40126066,2019-02-03 12:03:45
NULL,jaydih,406,0,834626038,2019-02-03 12:03:45
NULL,rtytf,0,0,1269993766,2019-02-03 12:03:45
NULL,svirsky,0,0,6018921,2019-02-03 12:03:45
NULL,michealb,33,0,110346165,2019-02-03 12:03:45
NULL,realblockchain,0,0,18056589,2019-02-03 12:03:45
NULL,p-a-t,0,0,6018924,2019-02-03 12:03:45
NULL,oceanwhale,0,0,1446536923,2019-02-03 12:03:45
NULL,ctime,0,0,46144728,2019-02-03 12:03:45
NULL,lizette,0,0,24075672,2019-02-03 12:03:45
NULL,itegoarcanadei,0,0,178561979,2019-02-03 12:03:45
NULL,srijana-gurung,0,0,2006293,2019-02-03 12:03:45
NULL,dillagr,0,0,14044098,2019-02-03 12:03:45
NULL,fucktime,0,0,16050381,2019-02-03 12:03:45
NULL,obest,77,0,154484573,2019-02-03 12:03:45
NULL,incubot,0,0,24075541,2019-02-03 12:03:45
NULL,md3,0,0,110347136,2019-02-03 12:03:45
NULL,playdice,77,0,156491020,2019-02-03 12:03:45
NULL,steem.services,0,0,1217822222,2019-02-03 12:03:45
NULL,ederaleng,0,0,24075584,2019-02-03 12:03:45
NULL,ond,101,0,206653928,2019-02-03 12:03:45
NULL,xglider,0,0,52163641,2019-02-03 12:03:45
NULL,kadoshmenorah,0,0,10031592,2019-02-03 12:03:45
NULL,free-reign,1083,2,2192922771,2019-02-03 12:03:45
NULL,ctime,0,0,6018877,2019-02-03 12:03:45
NULL,crypticat,0,0,76239340,2019-02-03 12:03:45
NULL,gritata,1117,2,2391527117,2019-02-03 12:03:45
NULL,matkodurko,85,0,421325313,2019-02-03 12:03:45
NULL,motochan,0,0,2261111180,2019-02-03 12:03:45
NULL,exp500p,0,0,52163856,2019-02-03 12:03:45
NULL,merlin7,0,0,1737445559,2019-02-03 12:03:45
NULL,ivet,0,0,54169944,2019-02-03 12:03:45
NULL,superledger,0,0,513616005,2019-02-03 12:03:45
NULL,think.floki,1,22,36735527,2019-02-03 12:03:45
NULL,imransoory,0,0,36113338,2019-02-03 12:03:45
NULL,balte,0,0,172541295,2019-02-03 12:03:45
NULL,onelovedtube,0,0,264832384,2019-02-03 12:03:45
NULL,football-365,0,0,6018893,2019-02-03 12:03:45
NULL,yff,0,0,120377897,2019-02-03 12:03:45
NULL,invisusmundi,0,0,114359582,2019-02-03 12:03:45
NULL,yingtaodaren,0,0,6018932,2019-02-03 12:03:45
NULL,xiaoyinzi,0,0,26081985,2019-02-03 12:03:45
NULL,omerbayrak,0,0,10031531,2019-02-03 12:03:45
NULL,nimloth,0,0,4012630,2019-02-03 12:03:45
NULL,tysler,0,0,1051302982,2019-02-03 12:03:45
NULL,zapper,1316,4,2668369081,2019-02-03 12:03:45
NULL,pickoum,0,0,449427475,2019-02-03 12:03:45
NULL,mrshev,0,0,24075009,2019-02-03 12:03:45
NULL,astraeir,0,0,28088283,2019-02-03 12:03:45
NULL,merlion,10129,31,20009004672,2019-02-03 12:03:45
NULL,lordofreward,0,0,2006295,2019-02-03 12:03:45
NULL,apoloo2,0,0,26082054,2019-02-03 12:03:45
NULL,tolgi65,0,0,90283487,2019-02-03 12:03:45
NULL,zannat,0,0,32101084,2019-02-03 12:03:45
NULL,whaleofthefuture,0,0,76239748,2019-02-03 12:03:45
NULL,yehey,0,0,4012584,2019-02-03 12:03:45
NULL,flightphotos,0,0,36113289,2019-02-03 12:03:45
NULL,moniroy,0,0,6018888,2019-02-03 12:03:45
NULL,gallya6945,0,0,18056634,2019-02-03 12:03:45
NULL,coolguy222,0,0,30094386,2019-02-03 12:03:45
NULL,achim03,0,0,30094539,2019-02-03 12:03:45
NULL,steemarmy,0,0,8025174,2019-02-03 12:03:45
NULL,angeltirado,353,0,1318160352,2019-02-03 12:03:45
NULL,puregrace,0,0,2006300,2019-02-03 12:03:45
NULL,shella,0,0,2006299,2019-02-03 12:03:45
NULL,kakbeilya,0,0,6018893,2019-02-03 12:03:45
NULL,simply-me,0,0,64201775,2019-02-03 12:03:45
NULL,voinnov111,0,0,28088263,2019-02-03 12:03:45
NULL,ariong,0,0,22069300,2019-02-03 12:03:45
NULL,hanculture,0,0,72226985,2019-02-03 12:03:45
NULL,tradermeetscoder,0,0,2006295,2019-02-03 12:03:45
NULL,solidgold,0,0,2006310,2019-02-03 12:03:45
NULL,deralios,0,0,228718731,2019-02-03 12:03:45
NULL,yehey,0,0,4012584,2019-02-03 12:03:45
NULL,conformity,0,0,34106977,2019-02-03 12:03:45
NULL,iammegankylie,0,0,10031519,2019-02-03 12:03:45
NULL,jcbit,0,0,621952144,2019-02-03 12:03:45
NULL,bekkababy,0,0,30094584,2019-02-03 12:03:45
NULL,muhammadan,0,0,8025229,2019-02-03 12:03:45
NULL,lilkeszi,0,0,18056644,2019-02-03 12:03:45
NULL,sentanu74,0,0,6018953,2019-02-03 12:03:45
NULL,faceb,0,0,64201939,2019-02-03 12:03:45
NULL,binoalien2,0,0,10031560,2019-02-03 12:03:45
NULL,ctime,0,0,112352370,2019-02-03 12:03:45
NULL,pedrocanella,0,0,10031462,2019-02-03 12:03:45
NULL,leodelara,0,0,58182602,2019-02-03 12:03:45
NULL,life-is-short,0,0,50157583,2019-02-03 12:03:45
NULL,ivymalifred,1863,5,3816234246,2019-02-03 12:03:45
NULL,mewnicorn,0,0,5862428896,2019-02-03 12:03:45
NULL,burntbilly,0,0,216681128,2019-02-03 12:03:45
NULL,beachinist,0,0,323015563,2019-02-03 12:03:45
NULL,trueimagine,0,0,2006293,2019-02-03 12:03:45
NULL,wondumyungga,0,0,90283623,2019-02-03 12:03:45
NULL,steemit-united,0,0,160504439,2019-02-03 12:03:45
NULL,drfk,0,0,32100794,2019-02-03 12:03:45
NULL,bdvoter,0,0,4076798600,2019-02-03 12:03:45
NULL,urobotics,105,0,220692230,2019-02-03 12:03:45
NULL,krartfund,0,0,44142302,2019-02-03 12:03:45
NULL,steemitbuilder,0,0,288907614,2019-02-03 12:03:45
NULL,dosh,0,0,6018905,2019-02-03 12:03:45
NULL,casweeney,0,0,42132743,2019-02-03 12:03:45
NULL,anixon,0,0,2006294,2019-02-03 12:03:45
NULL,don-thomas,0,0,8025173,2019-02-03 12:03:45
NULL,n1hal,0,0,8025178,2019-02-03 12:03:45
NULL,sipahikara,0,0,8025189,2019-02-03 12:03:45
NULL,ghasemkiani,0,0,5172231484,2019-02-03 12:03:45
NULL,cryptomeet,0,0,2006300,2019-02-03 12:03:45
NULL,parsik,0,0,50157426,2019-02-03 12:03:45
NULL,thevil,0,0,423332137,2019-02-03 12:03:45
NULL,piestrikesback,0,0,84264712,2019-02-03 12:03:45
NULL,danai,0,0,34107008,2019-02-03 12:03:45
NULL,upyougo,0,0,68213926,2019-02-03 12:03:45
NULL,merlin7,0,0,68213966,2019-02-03 12:03:45
NULL,tokenbb,0,0,112352978,2019-02-03 12:03:45
NULL,mshahabi,0,0,1791627411,2019-02-03 12:03:45
NULL,marianaemilia,188,0,379189295,2019-02-03 12:03:45
NULL,ogdawg,0,0,18056837,2019-02-03 12:03:45
NULL,superpromoter,0,0,3121803520,2019-02-03 12:03:45
NULL,teenagecrypto,0,0,4012612,2019-02-03 12:03:45
NULL,susankianim,0,0,56176355,2019-02-03 12:03:45
NULL,buildingpies,0,0,96302826,2019-02-03 12:03:45
NULL,oswaldo02,195,0,393246589,2019-02-03 12:03:45
NULL,tananda,0,0,28088369,2019-02-03 12:03:45
NULL,ariakianim,0,0,46144846,2019-02-03 12:03:45
NULL,avel692,0,0,56176296,2019-02-03 12:03:45
NULL,the-rhapsodist,0,0,94295961,2019-02-03 12:03:45
NULL,hiddendragon,0,0,158497470,2019-02-03 12:03:45
NULL,ozgurcinarli,0,0,4012643,2019-02-03 12:03:45
NULL,emmyautumn,0,0,6018901,2019-02-03 12:03:45
NULL,bembelmaniac,1879,4,4199439923,2019-02-03 12:03:45
NULL,megadrive,0,0,90283623,2019-02-03 12:03:45
NULL,danieldedosd2,0,0,20062999,2019-02-03 12:03:45
NULL,solox,0,0,6018918,2019-02-03 12:03:45
NULL,davidgermano,0,0,6019391,2019-02-03 12:03:45
NULL,aero2000,0,0,22069468,2019-02-03 12:03:45
NULL,su-upvote-stats,0,0,2006298,2019-02-03 12:03:45
NULL,assblasto,0,0,64199860,2019-02-03 12:03:45
NULL,steveperzia,0,0,383231403,2019-02-03 12:03:45
NULL,kbskl,0,0,2006297,2019-02-03 12:03:45
NULL,share2steem,61,0,122383822,2019-02-03 12:03:45
NULL,snoreball,0,0,20062966,2019-02-03 12:03:45
NULL,forykw,0,0,94295812,2019-02-03 12:03:45
NULL,trademesomecoins,0,0,2006306,2019-02-03 12:03:45
NULL,bodyscape,0,0,2006292,2019-02-03 12:03:45
NULL,pficlotto,0,0,20062938,2019-02-03 12:03:45
NULL,brancarosamel,0,0,2006300,2019-02-03 12:03:45
NULL,bdpay,0,0,142447093,2019-02-03 12:03:45
NULL,thearned,0,0,4012607,2019-02-03 12:03:45
NULL,baasdebeer,0,0,6018923,2019-02-03 12:03:45
NULL,ctime,0,0,16050337,2019-02-03 12:03:45
NULL,sm-trader,0,0,4012600,2019-02-03 12:03:45
NULL,hairgistix,0,0,228718046,2019-02-03 12:03:45
NULL,manuelgil64,0,0,6018898,2019-02-03 12:03:45
NULL,minnowsell,0,0,74233301,2019-02-03 12:03:45
NULL,ecredit,0,0,38119990,2019-02-03 12:03:45
NULL,amuchtar,0,0,72226701,2019-02-03 12:03:45
NULL,sweetsister,0,0,2006293,2019-02-03 12:03:45
NULL,harkar,0,0,216680172,2019-02-03 12:03:45
NULL,afternoondrinks,0,0,8025239,2019-02-03 12:03:45
NULL,aydie1000,0,0,4012619,2019-02-03 12:03:45
NULL,the.curator,0,0,874741316,2019-02-03 12:03:45
NULL,ilanisnapshots,126,0,260818152,2019-02-03 12:03:45
NULL,diom,0,0,14044112,2019-02-03 12:03:45
NULL,dancingdragon,0,0,18056629,2019-02-03 12:03:45
NULL,inzouikroft,88,0,176554762,2019-02-03 12:03:45
NULL,vallesleoruther,576,0,1476641028,2019-02-03 12:03:45
NULL,yehey,0,0,6018876,2019-02-03 12:03:45
NULL,rhampagoe,1519,4,8161869397,2019-02-03 12:03:45
NULL,mafant,0,0,8025466,2019-02-03 12:03:45
NULL,ctime,0,0,158497070,2019-02-03 12:03:45
NULL,adeyemidrey,191,0,385232149,2019-02-03 12:03:45
NULL,noekie,0,0,58182557,2019-02-03 12:03:45
NULL,bobandtom,0,0,2006299,2019-02-03 12:03:45
NULL,mindtrap,0,0,286899760,2019-02-03 12:03:45
NULL,sajkus,0,0,296931294,2019-02-03 12:03:45
NULL,tonygreene113,0,0,24075523,2019-02-03 12:03:45
NULL,yuza,0,0,2006294,2019-02-03 12:03:45
NULL,smartmarket,0,0,1386347791,2019-02-03 12:03:45
NULL,alejohannes,12991,41,26345271986,2019-02-03 12:03:45
NULL,mbp,0,0,4720815792,2019-02-03 12:03:45
NULL,ew-and-patterns,537,1,1771558058,2019-02-03 12:03:45
NULL,rivalzzz,0,0,28088126,2019-02-03 12:03:45
NULL,raynen,0,0,16053499,2019-02-03 12:03:45
NULL,parejan,0,0,10031469,2019-02-03 12:03:45
NULL,ga-sm,504,1,1023217734,2019-02-03 12:03:45
NULL,erikah,133,0,266837755,2019-02-03 12:03:45
NULL,nikolina,0,0,36113332,2019-02-03 12:03:45
NULL,ctime,0,0,82257966,2019-02-03 12:03:45
NULL,corsicana,0,0,46156100,2019-02-03 12:03:45
NULL,mmmmkkkk311,0,0,654051149,2019-02-03 12:03:45
NULL,aggroed,0,0,5230494888,2019-02-03 12:03:45
NULL,jobere,0,0,2309252755,2019-02-03 12:03:45
NULL,eliakon,0,0,140440797,2019-02-03 12:03:45
NULL,sacra97,0,0,12038031,2019-02-03 12:03:45
NULL,s4s,0,0,11279397724,2019-02-03 12:03:45
NULL,isnochys,0,0,6018873,2019-02-03 12:03:45
NULL,luckyvotes,0,0,234736142,2019-02-03 12:03:45
NULL,muhammadrizki96,36,0,84264391,2019-02-03 12:03:45
NULL,luckyvotes,0,0,232729848,2019-02-03 12:03:45
NULL,proffit,0,0,24075501,2019-02-03 12:03:45
NULL,amirl,0,0,341071585,2019-02-03 12:03:45
NULL,ctime,0,0,24075501,2019-02-03 12:03:45
NULL,akioexzgamer,0,0,14044430,2019-02-03 12:03:45
NULL,drotto,0,0,42132200,2019-02-03 12:03:45
NULL,kiraxoy,0,0,74233336,2019-02-03 12:03:45
NULL,yehey,0,0,4012583,2019-02-03 12:03:45
NULL,melinda010100,320,0,904839599,2019-02-03 12:03:45
NULL,conradt,623,1,1340218670,2019-02-03 12:03:45
NULL,mcassani,0,0,94314229,2019-02-03 12:03:45
NULL,templo,0,0,331038148,2019-02-03 12:03:45
NULL,meaamir,0,0,12037800,2019-02-03 12:03:45
NULL,emergehealthier,0,0,186587482,2019-02-03 12:03:45
NULL,ctime,0,0,14044041,2019-02-03 12:03:45
NULL,kstop1,0,0,26081812,2019-02-03 12:03:45
NULL,nothus,0,0,154484806,2019-02-03 12:03:45
NULL,minsoenaing,945,2,1954131826,2019-02-03 12:03:45
NULL,firepower,34437,108,88457646534,2019-02-03 12:03:45
NULL,hanneloree,0,0,50157418,2019-02-03 12:03:45
NULL,fun2learn,0,0,24075505,2019-02-03 12:03:45
NULL,inciter,0,0,106333457,2019-02-03 12:03:45
NULL,azisjesika,165,0,335050861,2019-02-03 12:03:45
NULL,anshul1,0,0,2006301,2019-02-03 12:03:45
NULL,cheneats,0,0,80251673,2019-02-03 12:03:45
NULL,penghuren,0,0,52163589,2019-02-03 12:03:45
NULL,silverbug,0,0,170537837,2019-02-03 12:03:45
NULL,elevator09,0,0,948979435,2019-02-03 12:03:45
NULL,hwan100,0,0,497560419,2019-02-03 12:03:45
NULL,minnowhelper,0,0,32100665,2019-02-03 12:03:45
NULL,hdu,0,0,666093158,2019-02-03 12:03:45
NULL,puza,662,1,1366305834,2019-02-03 12:03:45
NULL,torachibi,0,0,2006292,2019-02-03 12:03:45
NULL,braaiboy,0,0,26081791,2019-02-03 12:03:45
NULL,playdice,329,0,668095110,2019-02-03 12:03:45
NULL,squishy,0,0,2006291,2019-02-03 12:03:45
NULL,incubot,36,0,78245373,2019-02-03 12:03:45
NULL,robtheranger,0,0,2006291,2019-02-03 12:03:45
NULL,ragnar94,0,0,6018969,2019-02-03 12:03:45
NULL,share2steem,6,0,12037749,2019-02-03 12:03:45
NULL,kalypso56,0,0,10031722,2019-02-03 12:03:45
NULL,kounelia12,0,0,6018891,2019-02-03 12:03:45
NULL,yusnidarakj,6720,21,13622817929,2019-02-03 12:03:45
NULL,monajam,1819,0,3687572208,2019-02-03 12:03:45
NULL,saifuddin73,0,0,22069351,2019-02-03 12:03:45
NULL,treeplanter,0,0,250786554,2019-02-03 12:03:45
NULL,seunola,2492,6,5050270234,2019-02-03 12:03:45
NULL,kamrunnahar,0,0,38119647,2019-02-03 12:03:45
NULL,avtoledy,0,0,2006312,2019-02-03 12:03:45
NULL,crazydani,90,0,214678365,2019-02-03 12:03:45
NULL,driptorchpress,0,0,4012174,2019-02-03 12:03:45
NULL,rightwing670,0,0,50157625,2019-02-03 12:03:45
NULL,paopaoza,0,0,32101388,2019-02-03 12:03:45
NULL,mobi72,1113,2,2341353707,2019-02-03 12:03:45
NULL,warnas,0,0,110347711,2019-02-03 12:03:45
NULL,ocupation,0,0,3400664579,2019-02-03 12:03:45
NULL,nikaja,162,0,331038105,2019-02-03 12:03:45
NULL,flyingatom.com,948,43,2033500373,2019-02-03 12:03:45
NULL,goyard,0,0,4012857,2019-02-03 12:03:45
NULL,edprivat,0,0,258812018,2019-02-03 12:03:45
NULL,a-bot,0,0,106333447,2019-02-03 12:03:45
NULL,emperorofnaps,0,0,204641728,2019-02-03 12:03:45
NULL,food-smg,0,0,6018874,2019-02-03 12:03:45
NULL,honestbot,0,0,64201326,2019-02-03 12:03:45
NULL,smartsteem,0,0,2371436501,2019-02-03 12:03:45
NULL,whalecreator,0,0,170534773,2019-02-03 12:03:45
NULL,edensgarden,0,0,335050673,2019-02-03 12:03:45
NULL,bid4joy,0,0,126396361,2019-02-03 12:03:45
NULL,lovejuice,0,0,160503316,2019-02-03 12:03:45
NULL,siditech,0,0,100314572,2019-02-03 12:03:45
NULL,ecotrain,0,0,224704643,2019-02-03 12:03:45
NULL,szabolcs,0,0,2006293,2019-02-03 12:03:45
NULL,lost-ninja,0,0,86270532,2019-02-03 12:03:45
NULL,mercurybot,0,0,282887095,2019-02-03 12:03:45
NULL,sureshot,0,0,224704643,2019-02-03 12:03:45
NULL,entrust,0,0,54169869,2019-02-03 12:03:45
NULL,upmyvote,0,0,276868221,2019-02-03 12:03:45
NULL,superpromoter,0,0,316994140,2019-02-03 12:03:45
NULL,onlyprofitbot,0,0,104327155,2019-02-03 12:03:45
NULL,oceanwhale,0,0,120377487,2019-02-03 12:03:45
NULL,akshaykumar12257,12986,41,26705907141,2019-02-03 12:03:45
NULL,thebot,0,0,170534773,2019-02-03 12:03:45
NULL,cryptomaniacsgr,0,0,54170130,2019-02-03 12:03:45
NULL,alishannoor,0,0,192604034,2019-02-03 12:03:45
NULL,urobotics,0,0,12037748,2019-02-03 12:03:45
NULL,kyju,2922,9,6353927941,2019-02-03 12:03:45
NULL,alexanderfluke,0,0,78245368,2019-02-03 12:03:45
NULL,maonx,0,0,16050332,2019-02-03 12:03:45
NULL,ctime,0,0,8025165,2019-02-03 12:03:45
NULL,felipejoys,0,0,2006291,2019-02-03 12:03:45
NULL,jmotip,0,0,184583586,2019-02-03 12:03:45
NULL,libert,0,0,1488669915,2019-02-03 12:03:45
NULL,the.success.club,0,0,60188926,2019-02-03 12:03:45
NULL,pachu,0,0,2006331,2019-02-03 12:03:45
NULL,whalepower,0,0,40125932,2019-02-03 12:03:45
NULL,stimp1024,0,0,236742909,2019-02-03 12:03:45
NULL,upyourpost,0,0,16050331,2019-02-03 12:03:45
NULL,sparkesy43,0,0,4329576857,2019-02-03 12:03:45
NULL,zeitgedanken,0,0,12037748,2019-02-03 12:03:45
NULL,usagi-alis,0,0,24075499,2019-02-03 12:03:45
NULL,namiks,0,0,611926418,2019-02-03 12:03:45
NULL,alyjane,187,0,379199761,2019-02-03 12:03:45
NULL,steemcampuk,0,0,32100673,2019-02-03 12:03:45
NULL,travelgirl,0,0,222698886,2019-02-03 12:03:45
NULL,mmckersie,1659,5,3360539605,2019-02-03 12:03:45
NULL,cowboysblog,0,0,44139055,2019-02-03 12:03:45
NULL,aulia1993,0,0,16050353,2019-02-03 12:03:45
NULL,haiyangdeperci,0,0,12037754,2019-02-03 12:03:45
NULL,jphamer1,0,0,9854945191,2019-02-03 12:03:45
NULL,da-dawn,0,0,2060497357,2019-02-03 12:03:45
NULL,vickaboleyn,0,0,8025212,2019-02-03 12:03:45
NULL,crypto-n-custard,0,0,278875774,2019-02-03 12:03:45
NULL,upyourpost,0,0,12037747,2019-02-03 12:03:45
NULL,mango-juice,6069,18,12691860387,2019-02-03 12:03:45
NULL,steemitag,0,0,2006294,2019-02-03 12:03:45
NULL,deven11,11405,36,23186729752,2019-02-03 12:03:45
NULL,malahayati,0,0,82257989,2019-02-03 12:03:45
NULL,dragonpower,0,0,379199401,2019-02-03 12:03:45
NULL,ubsimirfast,0,0,10031516,2019-02-03 12:03:45
NULL,theotlanmerra,0,0,8025347,2019-02-03 12:03:45
NULL,prime-cleric,0,0,108340084,2019-02-03 12:03:45
NULL,clearinnize,0,0,8025360,2019-02-03 12:03:45
NULL,biadogbmarland,0,0,8025292,2019-02-03 12:03:45
NULL,puboutile,0,0,8025256,2019-02-03 12:03:45
NULL,yuxi,0,0,104327396,2019-02-03 12:03:45
NULL,yuxid,0,0,66207650,2019-02-03 12:03:45
NULL,limax21,82,0,164516953,2019-02-03 12:03:45
NULL,minnowhub,0,0,2006292,2019-02-03 12:03:45
NULL,mdraju,0,0,12037764,2019-02-03 12:03:45
NULL,milaoz,0,0,102320857,2019-02-03 12:03:45
NULL,curx,0,0,8025165,2019-02-03 12:03:45
NULL,yorkchinese,0,0,2006292,2019-02-03 12:03:45
NULL,statsexpert,58,0,146459354,2019-02-03 12:03:45
NULL,forphumbmounti,0,0,8025466,2019-02-03 12:03:45
NULL,sutethinpi,0,0,8025267,2019-02-03 12:03:45
NULL,ajanphoto,0,0,64201634,2019-02-03 12:03:45
NULL,jerrybanfield,1324,4,2682411279,2019-02-03 12:03:45
NULL,yohan2on,0,0,38119436,2019-02-03 12:03:45
NULL,nicole5lw,0,0,8025276,2019-02-03 12:03:45
NULL,faithgq,0,0,8025199,2019-02-03 12:03:45
NULL,theswissguy,0,0,1396960222,2019-02-03 12:03:45
NULL,viaprogpuisy,0,0,10031574,2019-02-03 12:03:45
NULL,gorraudechan,0,0,8025255,2019-02-03 12:03:45
NULL,luckystrikes,0,0,2148742890,2019-02-03 12:03:45
NULL,crypto.abundance,404,1,818599101,2019-02-03 12:03:45
NULL,ctime,0,0,6018873,2019-02-03 12:03:45
NULL,jd4e,0,0,12073692,2019-02-03 12:03:45
NULL,adetorrent,0,0,674115838,2019-02-03 12:03:45
NULL,beesteem,0,0,258813867,2019-02-03 12:03:45
NULL,songbj,213,0,443392111,2019-02-03 12:03:45
NULL,smartsteem,0,0,2864983640,2019-02-03 12:03:45
NULL,nathanmars,0,0,109232917847,2019-02-03 12:03:45
NULL,faowna,0,0,2006293,2019-02-03 12:03:45
NULL,pkocjan,0,0,24075512,2019-02-03 12:03:45
NULL,solips,913,2,1863853379,2019-02-03 12:03:45
NULL,forecasteem.pay,200,0,405270909,2019-02-03 12:03:45
NULL,planosdeunacasa,0,0,32101123,2019-02-03 12:03:45
NULL,ctime,0,0,48150984,2019-02-03 12:03:45
NULL,yorum,0,0,96301211,2019-02-03 12:03:45
NULL,ruth-girl,12953,36,32747273849,2019-02-03 12:03:45
NULL,drago18121996,0,0,32100774,2019-02-03 12:03:45
NULL,mamun123456,258,0,545711458,2019-02-03 12:03:45
NULL,paty2005,2679,8,5776329026,2019-02-03 12:03:45
NULL,justyy,0,0,770415743,2019-02-03 12:03:45
NULL,hidemi,0,0,6018985,2019-02-03 12:03:45
NULL,urme33,0,0,88277122,2019-02-03 12:03:45
NULL,cryptospa,0,0,28088151,2019-02-03 12:03:45
NULL,goldcoin,34,0,144454110,2019-02-03 12:03:45
NULL,instagram-models,0,0,76239155,2019-02-03 12:03:45
NULL,igbotier,0,0,8025217,2019-02-03 12:03:45
NULL,dedyrendra,0,0,4012585,2019-02-03 12:03:45
NULL,purpledaisy57,462,1,989111705,2019-02-03 12:03:45
NULL,rovill,2565,7,5198340582,2019-02-03 12:03:45
NULL,ctime,0,0,58182438,2019-02-03 12:03:45
NULL,baro89,0,0,4012585,2019-02-03 12:03:45
NULL,rushlee,248,0,553737449,2019-02-03 12:03:45
NULL,himapan,3269,10,9656532938,2019-02-03 12:03:45
NULL,edensgarden,0,0,266836691,2019-02-03 12:03:45
NULL,ssekulji,0,0,54169895,2019-02-03 12:03:45
NULL,rehan12,0,0,180566895,2019-02-03 12:03:45
NULL,bigmancar,2584,382,7278811727,2019-02-03 12:03:45
NULL,brighttux,0,0,4012627,2019-02-03 12:03:45
NULL,sojucaps,0,0,4012585,2019-02-03 12:03:45
NULL,josedelacruz,0,0,64202158,2019-02-03 12:03:45
NULL,craigfrank,129,0,262827964,2019-02-03 12:03:45
NULL,anarcist69,0,0,4012612,2019-02-03 12:39:27
NULL,carmesi,2032,7,4130397333,2019-02-03 12:39:27
NULL,smartmarket,0,0,172541017,2019-02-03 12:39:27
NULL,koskl,213,0,455429054,2019-02-03 12:39:27
NULL,ctime,0,0,14044035,2019-02-03 12:39:27
NULL,meshuga,0,0,4496432218,2019-02-03 12:39:27
NULL,lasper,0,0,32101100,2019-02-03 12:39:27
NULL,sm-traveller,408,1,828630464,2019-02-03 12:39:27
NULL,lighteye,0,0,170535655,2019-02-03 12:39:27
NULL,cicisaja,107,0,218686237,2019-02-03 12:39:27
NULL,joseantpp,128,58,590055889,2019-02-03 12:39:27
NULL,amigareaction,0,0,4012583,2019-02-03 12:39:27
NULL,rootsnico,0,0,18057575,2019-02-03 12:39:27
NULL,shaidon,0,0,26081840,2019-02-03 12:39:27
NULL,pixresteemer,113,0,252793084,2019-02-03 12:39:27
NULL,rjguerra,619,1,1271988853,2019-02-03 12:39:27
NULL,nerdtopiade,57,0,310981680,2019-02-03 12:39:27
NULL,trueimagine,0,0,20062914,2019-02-03 12:39:27
NULL,rich.art.deluxe,85,0,250786378,2019-02-03 12:39:27
NULL,joancabz,82,0,166522427,2019-02-03 12:39:27
NULL,ctime,0,0,88276791,2019-02-03 12:39:27
NULL,cycleinndave,0,0,14254476,2019-02-03 12:39:27
NULL,travellit,4267,11,12559501007,2019-02-03 12:39:27
NULL,hery0823,0,0,46146904,2019-02-03 12:39:27
NULL,love-peace,0,0,2006292,2019-02-03 12:39:27
NULL,dolphinpo,0,0,6018890,2019-02-03 12:39:27
NULL,shikika,0,0,162509614,2019-02-03 12:39:27
NULL,kanhiyachauhan,364,0,738316113,2019-02-03 12:39:27
NULL,ezravandi,0,0,44138406,2019-02-03 12:39:27
NULL,share2steem,54,0,140440348,2019-02-03 12:39:27
NULL,my451r,0,0,174547402,2019-02-03 12:42:06
NULL,mr-phoenix,0,0,389222641,2019-02-03 12:42:06
NULL,dumbsteem,0,0,4012592,2019-02-03 12:42:06
NULL,siralexf,0,0,2006292,2019-02-03 12:42:06
NULL,berie,0,0,18056675,2019-02-03 12:42:06
NULL,frogcake,0,0,4397839508,2019-02-03 12:42:06
NULL,moroccantoughts,0,0,18056646,2019-02-03 12:42:06
NULL,whatsontrend,0,0,2006301,2019-02-03 12:42:06
NULL,thelittlebank,0,0,28075443,2019-02-03 12:42:06
NULL,prime-cleric,0,0,96301953,2019-02-03 12:42:06
NULL,alexanderfluke,0,0,44138394,2019-02-03 12:42:06
NULL,thecastle,473,1,969102529,2019-02-03 12:42:06
NULL,damla,0,0,583831001,2019-02-03 12:42:06
NULL,upmewhale,0,0,3390630995,2019-02-03 12:42:06
NULL,smartmarket,0,0,116364850,2019-02-03 12:42:06
NULL,syarrf,0,0,32100742,2019-02-03 12:42:06
NULL,blockchainstudio,6468,20,13129165135,2019-02-03 12:42:06
NULL,ua-promoter,0,0,40125810,2019-02-03 12:42:06
NULL,zorba,5256,15,10810527414,2019-02-03 12:42:06
NULL,odalysrivero,0,0,14044202,2019-02-03 12:42:06
NULL,kstop1,0,0,4012581,2019-02-03 12:42:06
NULL,hope-on-fire,0,0,120384017,2019-02-03 12:42:06
NULL,leeyh,0,0,146459227,2019-02-03 12:42:06
NULL,milaoz,2767,8,5607583081,2019-02-03 12:42:06
NULL,penghuren,0,0,32100653,2019-02-03 12:42:06
NULL,cheneats,0,0,38119528,2019-02-03 12:42:06
NULL,share2steem,9,0,86270487,2019-02-03 12:42:06
NULL,barski,50,0,106333621,2019-02-03 12:42:06
NULL,girlbeauty,1621,0,3444825351,2019-02-03 12:42:06
NULL,briannai,0,0,8025480,2019-02-03 12:42:06
NULL,petrvl,0,0,12037749,2019-02-03 12:42:06
NULL,ctime,0,0,62195002,2019-02-03 12:42:06
NULL,bestofph,0,0,6627335232,2019-02-03 12:42:06
NULL,tvb,5505,15,14978912769,2019-02-03 12:42:06
NULL,dennis.bacchus,0,0,6018887,2019-02-03 12:42:06
NULL,etnentiwgy,0,0,8025416,2019-02-03 12:42:06
NULL,arcange,0,0,2519904566,2019-02-03 12:42:06
NULL,ctime,0,0,16050323,2019-02-03 12:42:06
NULL,aislingcronin,0,0,18056638,2019-02-03 12:42:06
NULL,joseangelvs,0,0,8025341,2019-02-03 12:42:06
NULL,eveuncovered,0,0,120377678,2019-02-03 12:42:06
NULL,theonlywalker,244,0,515667183,2019-02-03 12:42:06
NULL,smartmarket,0,0,162509523,2019-02-03 12:42:06
NULL,sarkash7011,0,0,2006306,2019-02-03 12:42:06
NULL,gezi,0,0,46144763,2019-02-03 12:42:06
NULL,pippo84,0,0,8025568,2019-02-03 12:42:06
NULL,c0ff33a,20823,65,45618053577,2019-02-03 12:42:06
NULL,verasj,0,0,4012585,2019-02-03 12:42:06
NULL,sharpshot,1132,3,2355387329,2019-02-03 12:42:06
NULL,masoud-m,2192,6,4441928417,2019-02-03 12:42:06
NULL,synfonia,0,0,253464576,2019-02-03 12:42:06
NULL,gomdory,0,0,72226458,2019-02-03 12:42:06
NULL,ctime,0,0,46144676,2019-02-03 12:42:06
NULL,rose98734,0,0,369173813,2019-02-03 12:42:06
NULL,therealwolf,0,0,250786286,2019-02-03 12:42:06
NULL,ctime,0,0,20062902,2019-02-03 12:42:06
NULL,balte,0,0,214673173,2019-02-03 12:42:06
NULL,kont82,0,0,4012583,2019-02-03 12:42:06
NULL,ubaldonet,134,0,274867321,2019-02-03 12:42:06
NULL,mrclave71,0,0,20063982,2019-02-03 12:42:06
NULL,faucetsteem,0,0,48153676,2019-02-03 12:42:06
NULL,darthgexe,1756,5,3587303777,2019-02-03 12:42:06
NULL,kona,1182,3,2385490489,2019-02-03 12:42:06
NULL,alexcote,955,2,2006297954,2019-02-03 12:42:06
NULL,jwolf,1443,4,3149877171,2019-02-03 12:48:06
NULL,wisher,0,0,66207859,2019-02-03 12:48:06
NULL,beoped,1016,3,4881330515,2019-02-03 12:48:06
NULL,ctime,0,0,10031450,2019-02-03 12:48:06
NULL,craigahamilton,0,0,2006293,2019-02-03 12:48:06
NULL,ctime,0,0,2006290,2019-02-03 12:48:06
NULL,jerrybanfield,0,0,2297202170,2019-02-03 12:48:06
NULL,joeparys,0,0,571792680,2019-02-03 12:48:06
NULL,steemitag,0,0,30094365,2019-02-03 12:48:06
NULL,share2steem,19,0,38119512,2019-02-03 12:48:06
NULL,apix,0,0,28088061,2019-02-03 12:48:06
NULL,kostyantin,7948,25,16178726834,2019-02-03 12:48:06
NULL,ctime,0,0,48150962,2019-02-03 12:48:06
NULL,sneaky-ninja,0,0,2558019884,2019-02-03 12:48:06
NULL,smartmarket,0,0,513610267,2019-02-03 12:48:06
NULL,karen16,0,0,40126127,2019-02-03 12:48:06
NULL,cryptoshack,0,0,4012583,2019-02-03 12:48:06
NULL,double-u,0,0,762397841,2019-02-03 12:48:06
NULL,weirdheadaches,182,0,409295599,2019-02-03 12:48:06
NULL,monajam,225,0,455427987,2019-02-03 12:48:06
NULL,penderis,66,0,162509918,2019-02-03 12:48:06
NULL,keks,87,0,176554574,2019-02-03 12:48:06
NULL,pixelfan,0,0,284893894,2019-02-03 12:48:06
NULL,new-world-steem,0,0,888789049,2019-02-03 12:48:06
NULL,hwan100,0,0,140440355,2019-02-03 12:48:06
NULL,jeenger,73,0,2367475438,2019-02-03 12:48:06
NULL,marcolino76,0,0,138439000,2019-02-03 12:48:06
NULL,minismallholding,2049,5,4654671073,2019-02-03 12:48:06
NULL,cityofstars,72,0,18313462477,2019-02-03 12:48:06
NULL,blto83,0,0,8025160,2019-02-03 12:48:06
NULL,ctime,0,0,184578676,2019-02-03 12:48:06
NULL,appreciator,0,0,12924519992,2019-02-03 12:48:06
NULL,mmmmkkkk311,0,0,832610329,2019-02-03 12:48:06
NULL,nokodemion,0,0,2006289,2019-02-03 12:48:06
NULL,ctime,0,0,8025159,2019-02-03 12:48:06
NULL,simonmaz,0,0,4012701,2019-02-03 12:48:06
NULL,proj.mic,65,0,130421422,2019-02-03 12:48:06
NULL,jordangerder,3288,11,6685068400,2019-02-03 12:48:06
NULL,share2steem,61,0,122383684,2019-02-03 12:48:06
NULL,victor26,0,0,14044272,2019-02-03 12:48:06
NULL,belkisa758,0,0,2006290,2019-02-03 12:48:06
NULL,bolachasmonster,0,0,24077059,2019-02-03 12:48:06
NULL,krasnec,0,0,22069977,2019-02-03 12:48:06
NULL,mikenevitt,704,2,1480643133,2019-02-03 12:48:06
NULL,ctime,0,0,4012579,2019-02-03 12:48:06
NULL,rt395,0,0,12037787,2019-02-03 12:48:06
NULL,taitux,0,0,4012589,2019-02-03 12:48:06
NULL,chesatochi,1415,2,3789979656,2019-02-03 12:48:06
NULL,marpa,0,0,36113536,2019-02-03 12:48:06
NULL,byd,0,0,30094612,2019-02-03 12:48:06
NULL,nikokafka,0,0,180566160,2019-02-03 12:48:06
NULL,ngc,0,0,9176806603,2019-02-03 12:48:06
NULL,lordbutterfly,488,1,1111484760,2019-02-03 12:48:06
NULL,kuestenmaedchen,2022,192,5237985922,2019-02-03 12:48:06
NULL,eduards,0,0,2006294,2019-02-03 12:48:06
NULL,alexanderfluke,0,0,42132092,2019-02-03 12:48:06
NULL,jk6276,0,0,6018898,2019-02-03 12:48:06
NULL,share2steem,1323,4,3886183404,2019-02-03 12:48:06
NULL,sweetsssj,0,0,543970806621,2019-02-03 12:48:06
NULL,jk6276,1201,3,2435635870,2019-02-03 12:48:06
NULL,misterakpan,67,0,142447330,2019-02-03 12:48:06
NULL,cryptospa,11387,36,23088392076,2019-02-03 12:48:06
NULL,blitz,0,0,32100685,2019-02-03 12:48:06
NULL,realprince,0,0,14044033,2019-02-03 12:48:06
NULL,steemersayu907,575,1,1173681050,2019-02-03 12:48:06
NULL,kumapom,0,0,399254592,2019-02-03 12:48:06
NULL,ajlight,0,0,4012602,2019-02-03 12:48:06
NULL,sajkus,0,0,172540965,2019-02-03 12:48:06
NULL,ivanm7,2761,8,5595545506,2019-02-03 12:48:06
NULL,tvlee,1005,3,2050490997,2019-02-03 12:48:06
NULL,ferrate,0,0,16656247602,2019-02-03 12:48:06
NULL,sauravrungta,0,0,928913564,2019-02-03 12:48:06
NULL,eyman84,0,0,16050337,2019-02-03 12:48:06
NULL,jsquare,0,0,104327106,2019-02-03 12:48:06
NULL,sawyn,0,0,6018870,2019-02-03 12:48:06
NULL,genych,0,0,66207698,2019-02-03 12:48:06
NULL,htliao,3640,11,8143534998,2019-02-03 12:53:24
NULL,inciter,0,0,2337327544,2019-02-03 12:53:24
NULL,w88,0,0,2006324,2019-02-03 12:53:24
NULL,fortunedice,226,0,457443750,2019-02-03 12:53:24
NULL,joanstewart,0,0,126398385,2019-02-03 12:53:24
NULL,jensvoigt,0,0,34106968,2019-02-03 12:53:24
NULL,balte,0,0,114358516,2019-02-03 12:53:24
NULL,thenightflier,0,0,1607045740,2019-02-03 12:53:24
NULL,newmanjosue,3310,10,6709035395,2019-02-03 12:53:24
NULL,silver-hammer,0,0,5160181206,2019-02-03 12:53:24
NULL,yusrizakaria,0,0,14044068,2019-02-03 12:53:24
NULL,florenceboens,0,0,28088021,2019-02-03 12:53:24
NULL,svemirac,0,0,2006295,2019-02-03 12:53:24
NULL,bluefox24,0,0,6019203,2019-02-03 12:53:24
NULL,raybrockman,0,0,1031233724,2019-02-03 12:53:24
NULL,nodaji,0,0,8025164,2019-02-03 12:53:24
NULL,aple,64,0,146459398,2019-02-03 12:53:24
NULL,bluerobo,0,0,44138474,2019-02-03 12:53:24
NULL,loveisintheair,0,0,58182873,2019-02-03 12:53:24
NULL,sweetjiyun,0,0,2006400,2019-02-03 12:53:24
NULL,kartiksingh,3273,10,7351078397,2019-02-03 12:53:24
NULL,outtheshellvlog,165,0,343121415,2019-02-03 12:53:24
NULL,jeehun,0,0,174547251,2019-02-03 12:53:24
NULL,offgridlife,87,0,202635275,2019-02-03 12:53:24
NULL,tonpa,0,0,156492658,2019-02-03 12:53:24
NULL,toofasteddie,0,0,140440417,2019-02-03 12:53:24
NULL,entrust,0,0,439377409,2019-02-03 12:53:24
NULL,luckyvotes,0,0,625962337,2019-02-03 12:53:24
NULL,upgoater,0,0,12037737,2019-02-03 12:53:24
NULL,cabbage-dealer,0,0,84264160,2019-02-03 12:53:24
NULL,ctime,0,0,20062895,2019-02-03 12:53:24
NULL,getup,0,0,14044026,2019-02-03 12:53:24
NULL,alliedforces,0,0,46144659,2019-02-03 12:53:24
NULL,stef,0,0,56176107,2019-02-03 12:53:24
NULL,lovejuice,0,0,112352214,2019-02-03 12:53:24
NULL,profitbot,0,0,48150949,2019-02-03 12:53:24
NULL,pwrup,0,0,32100632,2019-02-03 12:53:24
NULL,isotonic,0,0,46144659,2019-02-03 12:53:24
NULL,kakibukit,0,0,48150949,2019-02-03 12:53:24
NULL,mydays,0,0,22069296,2019-02-03 12:53:24
NULL,behelen,0,0,4012581,2019-02-03 12:53:24
NULL,chrissysworld,0,0,208659908,2019-02-03 12:53:24
NULL,ctime,0,0,10031447,2019-02-03 12:53:24
NULL,joannar,0,0,10031805,2019-02-03 12:53:24
NULL,ulockblock,0,0,445396890,2019-02-03 12:53:24
NULL,investmentreport,0,0,80251583,2019-02-03 12:53:24
NULL,coinbaogao,0,0,88276741,2019-02-03 12:53:24
NULL,crypto-report,748,2,1518761210,2019-02-03 12:53:24
NULL,slempase,0,0,190599571,2019-02-03 12:53:24
NULL,deanliu,279,0,8637185803,2019-02-03 12:53:24
NULL,teofilex11,0,0,367157757,2019-02-03 12:53:24
NULL,mproxima,0,0,6019088,2019-02-03 12:53:24
NULL,djusti,0,0,258811467,2019-02-03 12:53:24
NULL,kouba01,182,0,734303918,2019-02-03 12:53:24
NULL,lager68,4570,14,9744713807,2019-02-03 12:53:24
NULL,ordosjc,0,0,282888696,2019-02-03 12:53:24
NULL,atanas007,0,0,28088240,2019-02-03 12:53:24
NULL,sneaky-ninja,0,0,449408835,2019-02-03 12:53:24
NULL,welovesteemit,0,0,690292668,2019-02-03 12:53:24
NULL,clubfungus,149,0,439385055,2019-02-03 12:53:24
NULL,steemeditor.bot,61,0,720285027,2019-02-03 12:53:24
NULL,sonki999,0,0,5170231200,2019-02-03 12:53:24
NULL,share2steem,161,0,327025179,2019-02-03 12:53:24
NULL,aliny,0,0,48154464,2019-02-03 12:53:24
NULL,evayer,0,0,10031555,2019-02-03 12:53:24
NULL,bid4joy,0,0,70220128,2019-02-03 12:53:24
NULL,levant,2277,6,4614467937,2019-02-03 12:53:24
NULL,tiazakaria,0,0,6018947,2019-02-03 12:53:24
NULL,deanliu,279,0,8637185803,2019-02-03 12:53:24
NULL,upyourpost,0,0,2006289,2019-02-03 12:53:24
NULL,rosatravels,0,0,204643516,2019-02-03 12:53:24
NULL,deanliu,9138,29,5497097713,2019-02-03 12:53:24
NULL,sd974201,0,0,58182424,2019-02-03 12:53:24
NULL,themarkymark,325,0,1364280042,2019-02-03 12:53:24
NULL,kirato,1434,2,2905141745,2019-02-03 12:53:24
NULL,kekos,0,0,282893238,2019-02-03 12:53:24
NULL,richristow,315,0,694214585,2019-02-03 12:53:24
NULL,bitland,488,1,1069398424,2019-02-03 12:53:24
NULL,totopapa,2142,6,4343685561,2019-02-03 12:53:24
NULL,lyndsaybowes,46,0,882782949,2019-02-03 12:53:24
NULL,vasigo,0,0,2006295,2019-02-03 12:53:24
NULL,inspiringquotes,38,0,104327171,2019-02-03 12:53:24
NULL,kawaiicrush,0,0,6069048565,2019-02-03 12:53:24
NULL,yennarido,25,0,52164209,2019-02-03 12:53:24
NULL,ctime,0,0,22069181,2019-02-03 12:53:24
NULL,ctime,0,0,86270435,2019-02-03 12:53:24
NULL,ocdb,0,0,27040765884,2019-02-03 12:53:24
NULL,sijun,0,0,790478082,2019-02-03 12:53:24
NULL,penghuren,0,0,16050315,2019-02-03 12:53:24
NULL,cheneats,0,0,22069190,2019-02-03 12:53:24
NULL,exec,0,0,20062902,2019-02-03 12:53:24
NULL,shares,78,0,158496845,2019-02-03 12:53:24
NULL,oflyhigh,0,0,3264238942,2019-02-03 12:53:24
